{
  "2D": 18821.7240002155,
  "Editor": 31007.6119999886,
  "Script": 12185.8879997731
}